file,name,ip,port,viable_exploit,archetype,svc_name,protocol,severity,pluginID,pluginName,pluginFamily
nessusFile-1733491986564-340606539.nessus,192.168.1.22,192.168.1.22,0,False,Other,general,tcp,0,19506,Nessus Scan Information,Settings
nessusFile-1733491986564-340606539.nessus,192.168.1.22,192.168.1.22,0,False,Other,general,udp,0,10287,Traceroute Information,General
nessusFile-1733491986564-340606539.nessus,192.168.1.22,192.168.1.22,0,False,Other,general,tcp,0,35716,Ethernet Card Manufacturer Detection,Misc.
nessusFile-1733491986564-340606539.nessus,192.168.1.22,192.168.1.22,0,False,Other,general,tcp,0,86420,Ethernet MAC Addresses,General
nessusFile-1733491986564-340606539.nessus,192.168.1.22,192.168.1.22,0,False,Other,general,icmp,1,10114,ICMP Timestamp Request Remote Date Disclosure,General
nessusFile-1733491986564-340606539.nessus,192.168.1.20,192.168.1.20,0,False,Other,general,tcp,0,117886,OS Security Patch Assessment Not Available,Settings
nessusFile-1733491986564-340606539.nessus,192.168.1.20,192.168.1.20,0,False,Other,general,tcp,0,45590,Common Platform Enumeration (CPE),General
nessusFile-1733491986564-340606539.nessus,192.168.1.20,192.168.1.20,0,False,Other,general,tcp,0,19506,Nessus Scan Information,Settings
nessusFile-1733491986564-340606539.nessus,192.168.1.20,192.168.1.20,0,False,Other,general,tcp,0,66334,Patch Report,General
nessusFile-1733491986564-340606539.nessus,192.168.1.20,192.168.1.20,0,False,Default credentials,general,tcp,0,110723,Target Credential Status by Authentication Protocol - No Credentials Provided,Settings
nessusFile-1733491986564-340606539.nessus,192.168.1.20,192.168.1.20,0,False,Other,general,tcp,0,54615,Device Type,General
nessusFile-1733491986564-340606539.nessus,192.168.1.20,192.168.1.20,0,False,Other,general,tcp,0,66293,Unix Operating System on Extended Support,General
nessusFile-1733491986564-340606539.nessus,192.168.1.20,192.168.1.20,0,False,Other,general,tcp,0,11936,OS Identification,General
nessusFile-1733491986564-340606539.nessus,192.168.1.20,192.168.1.20,0,False,Other,general,tcp,0,35716,Ethernet Card Manufacturer Detection,Misc.
nessusFile-1733491986564-340606539.nessus,192.168.1.20,192.168.1.20,0,False,Other,general,tcp,0,86420,Ethernet MAC Addresses,General
nessusFile-1733491986564-340606539.nessus,192.168.1.20,192.168.1.20,0,False,Other,general,udp,0,10287,Traceroute Information,General
nessusFile-1733491986564-340606539.nessus,192.168.1.20,192.168.1.20,0,False,Other,general,tcp,0,25220,TCP/IP Timestamps Supported,General
nessusFile-1733491986564-340606539.nessus,192.168.1.20,192.168.1.20,0,False,Other,general,icmp,1,10114,ICMP Timestamp Request Remote Date Disclosure,General
nessusFile-1733491986564-340606539.nessus,192.168.1.19,192.168.1.19,0,False,Other,general,tcp,0,19506,Nessus Scan Information,Settings
nessusFile-1733491986564-340606539.nessus,192.168.1.19,192.168.1.19,0,False,Other,general,udp,0,10287,Traceroute Information,General
nessusFile-1733491986564-340606539.nessus,192.168.1.19,192.168.1.19,0,False,Other,general,tcp,0,35716,Ethernet Card Manufacturer Detection,Misc.
nessusFile-1733491986564-340606539.nessus,192.168.1.19,192.168.1.19,0,False,Other,general,tcp,0,86420,Ethernet MAC Addresses,General
nessusFile-1733491986564-340606539.nessus,192.168.1.18,192.168.1.18,0,False,Other,general,tcp,0,45590,Common Platform Enumeration (CPE),General
nessusFile-1733491986564-340606539.nessus,192.168.1.18,192.168.1.18,0,False,Other,general,tcp,0,19506,Nessus Scan Information,Settings
nessusFile-1733491986564-340606539.nessus,192.168.1.18,192.168.1.18,0,False,Other,general,tcp,0,66334,Patch Report,General
nessusFile-1733491986564-340606539.nessus,192.168.1.18,192.168.1.18,0,False,Default credentials,general,tcp,0,141118,Target Credential Status by Authentication Protocol - Valid Credentials Provided,Settings
nessusFile-1733491986564-340606539.nessus,192.168.1.18,192.168.1.18,0,False,Other,general,tcp,0,152742,Unix Software Discovery Commands Available,Settings
nessusFile-1733491986564-340606539.nessus,192.168.1.18,192.168.1.18,0,False,Other,general,tcp,0,117887,OS Security Patch Assessment Available,Settings
nessusFile-1733491986564-340606539.nessus,192.168.1.18,192.168.1.18,0,False,Default credentials,general,tcp,0,110095,Target Credential Issues by Authentication Protocol - No Issues Found,Settings
nessusFile-1733491986564-340606539.nessus,192.168.1.18,192.168.1.18,0,False,Other,general,tcp,4,182252,Apache Log4j SEoL (<= 1.x),Misc.
nessusFile-1733491986564-340606539.nessus,192.168.1.18,192.168.1.18,0,False,Other,general,tcp,4,182252,Apache Log4j SEoL (<= 1.x),Misc.
nessusFile-1733491986564-340606539.nessus,192.168.1.18,192.168.1.18,0,False,Other,general,tcp,4,182252,Apache Log4j SEoL (<= 1.x),Misc.
nessusFile-1733491986564-340606539.nessus,192.168.1.18,192.168.1.18,0,False,Other,general,tcp,4,182252,Apache Log4j SEoL (<= 1.x),Misc.
nessusFile-1733491986564-340606539.nessus,192.168.1.18,192.168.1.18,0,False,Other,general,tcp,4,182252,Apache Log4j SEoL (<= 1.x),Misc.
nessusFile-1733491986564-340606539.nessus,192.168.1.18,192.168.1.18,0,False,Other,general,tcp,4,182252,Apache Log4j SEoL (<= 1.x),Misc.
nessusFile-1733491986564-340606539.nessus,192.168.1.18,192.168.1.18,0,False,Other,general,tcp,4,182252,Apache Log4j SEoL (<= 1.x),Misc.
nessusFile-1733491986564-340606539.nessus,192.168.1.18,192.168.1.18,0,False,Other,general,tcp,4,182252,Apache Log4j SEoL (<= 1.x),Misc.
nessusFile-1733491986564-340606539.nessus,192.168.1.18,192.168.1.18,0,False,Other,general,tcp,4,182252,Apache Log4j SEoL (<= 1.x),Misc.
nessusFile-1733491986564-340606539.nessus,192.168.1.18,192.168.1.18,0,False,Other,general,tcp,4,182252,Apache Log4j SEoL (<= 1.x),Misc.
nessusFile-1733491986564-340606539.nessus,192.168.1.18,192.168.1.18,0,False,Other,general,tcp,4,182252,Apache Log4j SEoL (<= 1.x),Misc.
nessusFile-1733491986564-340606539.nessus,192.168.1.18,192.168.1.18,0,False,Other,general,tcp,4,182252,Apache Log4j SEoL (<= 1.x),Misc.
nessusFile-1733491986564-340606539.nessus,192.168.1.18,192.168.1.18,0,False,Other,general,tcp,4,182252,Apache Log4j SEoL (<= 1.x),Misc.
nessusFile-1733491986564-340606539.nessus,192.168.1.18,192.168.1.18,0,False,Other,general,tcp,4,182252,Apache Log4j SEoL (<= 1.x),Misc.
nessusFile-1733491986564-340606539.nessus,192.168.1.18,192.168.1.18,0,False,Other,general,tcp,4,182252,Apache Log4j SEoL (<= 1.x),Misc.
nessusFile-1733491986564-340606539.nessus,192.168.1.18,192.168.1.18,0,False,Other,general,tcp,4,182252,Apache Log4j SEoL (<= 1.x),Misc.
nessusFile-1733491986564-340606539.nessus,192.168.1.18,192.168.1.18,0,False,Other,general,tcp,4,182252,Apache Log4j SEoL (<= 1.x),Misc.
nessusFile-1733491986564-340606539.nessus,192.168.1.18,192.168.1.18,0,True,Other,general,tcp,3,155999,Apache Log4j < 2.15.0 Remote Code Execution (Nix),Misc.
nessusFile-1733491986564-340606539.nessus,192.168.1.18,192.168.1.18,0,True,Other,general,tcp,3,155999,Apache Log4j < 2.15.0 Remote Code Execution (Nix),Misc.
nessusFile-1733491986564-340606539.nessus,192.168.1.18,192.168.1.18,0,True,Other,general,tcp,3,155999,Apache Log4j < 2.15.0 Remote Code Execution (Nix),Misc.
nessusFile-1733491986564-340606539.nessus,192.168.1.18,192.168.1.18,0,True,Other,general,tcp,2,156057,Apache Log4j 2.x < 2.16.0 RCE,Misc.
nessusFile-1733491986564-340606539.nessus,192.168.1.18,192.168.1.18,0,True,Other,general,tcp,2,156057,Apache Log4j 2.x < 2.16.0 RCE,Misc.
nessusFile-1733491986564-340606539.nessus,192.168.1.18,192.168.1.18,0,True,Other,general,tcp,2,156057,Apache Log4j 2.x < 2.16.0 RCE,Misc.
nessusFile-1733491986564-340606539.nessus,192.168.1.18,192.168.1.18,0,True,Other,general,tcp,2,156183,Apache Log4j 2.x < 2.17.0 DoS,Misc.
nessusFile-1733491986564-340606539.nessus,192.168.1.18,192.168.1.18,0,True,Other,general,tcp,2,156183,Apache Log4j 2.x < 2.17.0 DoS,Misc.
nessusFile-1733491986564-340606539.nessus,192.168.1.18,192.168.1.18,0,True,Other,general,tcp,2,156183,Apache Log4j 2.x < 2.17.0 DoS,Misc.
nessusFile-1733491986564-340606539.nessus,192.168.1.18,192.168.1.18,0,True,Other,general,tcp,3,156327,Apache Log4j 2.0 < 2.3.2 / 2.4 < 2.12.4 / 2.13 < 2.17.1 RCE,Misc.
nessusFile-1733491986564-340606539.nessus,192.168.1.18,192.168.1.18,0,True,Other,general,tcp,3,156327,Apache Log4j 2.0 < 2.3.2 / 2.4 < 2.12.4 / 2.13 < 2.17.1 RCE,Misc.
nessusFile-1733491986564-340606539.nessus,192.168.1.18,192.168.1.18,0,True,Other,general,tcp,3,156327,Apache Log4j 2.0 < 2.3.2 / 2.4 < 2.12.4 / 2.13 < 2.17.1 RCE,Misc.
nessusFile-1733491986564-340606539.nessus,192.168.1.18,192.168.1.18,0,True,Other,general,tcp,3,156860,Apache Log4j 1.x Multiple Vulnerabilities,Misc.
nessusFile-1733491986564-340606539.nessus,192.168.1.18,192.168.1.18,0,True,Other,general,tcp,3,156860,Apache Log4j 1.x Multiple Vulnerabilities,Misc.
nessusFile-1733491986564-340606539.nessus,192.168.1.18,192.168.1.18,0,True,Other,general,tcp,3,156860,Apache Log4j 1.x Multiple Vulnerabilities,Misc.
nessusFile-1733491986564-340606539.nessus,192.168.1.18,192.168.1.18,0,True,Other,general,tcp,3,156860,Apache Log4j 1.x Multiple Vulnerabilities,Misc.
nessusFile-1733491986564-340606539.nessus,192.168.1.18,192.168.1.18,0,True,Other,general,tcp,3,156860,Apache Log4j 1.x Multiple Vulnerabilities,Misc.
nessusFile-1733491986564-340606539.nessus,192.168.1.18,192.168.1.18,0,True,Other,general,tcp,3,156860,Apache Log4j 1.x Multiple Vulnerabilities,Misc.
nessusFile-1733491986564-340606539.nessus,192.168.1.18,192.168.1.18,0,True,Other,general,tcp,3,156860,Apache Log4j 1.x Multiple Vulnerabilities,Misc.
nessusFile-1733491986564-340606539.nessus,192.168.1.18,192.168.1.18,0,True,Other,general,tcp,3,156860,Apache Log4j 1.x Multiple Vulnerabilities,Misc.
nessusFile-1733491986564-340606539.nessus,192.168.1.18,192.168.1.18,0,True,Other,general,tcp,3,156860,Apache Log4j 1.x Multiple Vulnerabilities,Misc.
nessusFile-1733491986564-340606539.nessus,192.168.1.18,192.168.1.18,0,True,Other,general,tcp,3,156860,Apache Log4j 1.x Multiple Vulnerabilities,Misc.
nessusFile-1733491986564-340606539.nessus,192.168.1.18,192.168.1.18,0,True,Other,general,tcp,3,156860,Apache Log4j 1.x Multiple Vulnerabilities,Misc.
nessusFile-1733491986564-340606539.nessus,192.168.1.18,192.168.1.18,0,True,Other,general,tcp,3,156860,Apache Log4j 1.x Multiple Vulnerabilities,Misc.
nessusFile-1733491986564-340606539.nessus,192.168.1.18,192.168.1.18,0,True,Other,general,tcp,3,156860,Apache Log4j 1.x Multiple Vulnerabilities,Misc.
nessusFile-1733491986564-340606539.nessus,192.168.1.18,192.168.1.18,0,True,Other,general,tcp,3,156860,Apache Log4j 1.x Multiple Vulnerabilities,Misc.
nessusFile-1733491986564-340606539.nessus,192.168.1.18,192.168.1.18,0,True,Other,general,tcp,3,156860,Apache Log4j 1.x Multiple Vulnerabilities,Misc.
nessusFile-1733491986564-340606539.nessus,192.168.1.18,192.168.1.18,0,True,Other,general,tcp,3,156860,Apache Log4j 1.x Multiple Vulnerabilities,Misc.
nessusFile-1733491986564-340606539.nessus,192.168.1.18,192.168.1.18,0,True,Other,general,tcp,3,156860,Apache Log4j 1.x Multiple Vulnerabilities,Misc.
nessusFile-1733491986564-340606539.nessus,192.168.1.18,192.168.1.18,0,True,Other,general,tcp,2,156103,Apache Log4j 1.2 JMSAppender Remote Code Execution (CVE-2021-4104),Misc.
nessusFile-1733491986564-340606539.nessus,192.168.1.18,192.168.1.18,0,True,Other,general,tcp,2,156103,Apache Log4j 1.2 JMSAppender Remote Code Execution (CVE-2021-4104),Misc.
nessusFile-1733491986564-340606539.nessus,192.168.1.18,192.168.1.18,0,True,Other,general,tcp,2,156103,Apache Log4j 1.2 JMSAppender Remote Code Execution (CVE-2021-4104),Misc.
nessusFile-1733491986564-340606539.nessus,192.168.1.18,192.168.1.18,0,True,Other,general,tcp,2,156103,Apache Log4j 1.2 JMSAppender Remote Code Execution (CVE-2021-4104),Misc.
nessusFile-1733491986564-340606539.nessus,192.168.1.18,192.168.1.18,0,True,Other,general,tcp,2,156103,Apache Log4j 1.2 JMSAppender Remote Code Execution (CVE-2021-4104),Misc.
nessusFile-1733491986564-340606539.nessus,192.168.1.18,192.168.1.18,0,True,Other,general,tcp,2,156103,Apache Log4j 1.2 JMSAppender Remote Code Execution (CVE-2021-4104),Misc.
nessusFile-1733491986564-340606539.nessus,192.168.1.18,192.168.1.18,0,True,Other,general,tcp,2,156103,Apache Log4j 1.2 JMSAppender Remote Code Execution (CVE-2021-4104),Misc.
nessusFile-1733491986564-340606539.nessus,192.168.1.18,192.168.1.18,0,True,Other,general,tcp,2,156103,Apache Log4j 1.2 JMSAppender Remote Code Execution (CVE-2021-4104),Misc.
nessusFile-1733491986564-340606539.nessus,192.168.1.18,192.168.1.18,0,True,Other,general,tcp,2,156103,Apache Log4j 1.2 JMSAppender Remote Code Execution (CVE-2021-4104),Misc.
nessusFile-1733491986564-340606539.nessus,192.168.1.18,192.168.1.18,0,True,Other,general,tcp,2,156103,Apache Log4j 1.2 JMSAppender Remote Code Execution (CVE-2021-4104),Misc.
nessusFile-1733491986564-340606539.nessus,192.168.1.18,192.168.1.18,0,True,Other,general,tcp,2,156103,Apache Log4j 1.2 JMSAppender Remote Code Execution (CVE-2021-4104),Misc.
nessusFile-1733491986564-340606539.nessus,192.168.1.18,192.168.1.18,0,True,Other,general,tcp,2,156103,Apache Log4j 1.2 JMSAppender Remote Code Execution (CVE-2021-4104),Misc.
nessusFile-1733491986564-340606539.nessus,192.168.1.18,192.168.1.18,0,False,Other,general,tcp,0,156000,Apache Log4j Installed (Linux / Unix),Misc.
nessusFile-1733491986564-340606539.nessus,192.168.1.18,192.168.1.18,0,False,Other,general,tcp,0,54615,Device Type,General
nessusFile-1733491986564-340606539.nessus,192.168.1.18,192.168.1.18,0,False,Unauthenticated port bypass,general,tcp,0,179200,Enumerate the Network Routing configuration via SSH,General
nessusFile-1733491986564-340606539.nessus,192.168.1.18,192.168.1.18,0,False,Other,general,tcp,2,118937,Node.js Multiple Vulnerabilities (August 2018 Security Releases),Misc.
nessusFile-1733491986564-340606539.nessus,192.168.1.18,192.168.1.18,0,False,Other,general,tcp,3,118957,Node.js multiple vulnerabilities (July 2018 Security Releases).,Misc.
nessusFile-1733491986564-340606539.nessus,192.168.1.18,192.168.1.18,0,True,Other,general,tcp,2,119938,Node.js Multiple Vulnerabilities (November 2018 Security Releases),Misc.
nessusFile-1733491986564-340606539.nessus,192.168.1.18,192.168.1.18,0,False,Other,general,tcp,2,118933,Node.js multiple vulnerabilities (March 2018 Security Releases).,Misc.
nessusFile-1733491986564-340606539.nessus,192.168.1.18,192.168.1.18,0,True,Other,general,tcp,3,193580,"Node.js 18.x < 18.20.2 / 20.x < 20.12.2 / 21.x < 21.7.3 Multiple Vulnerabilities (Wednesday, April 10, 2024 Security Releases).",Misc.
nessusFile-1733491986564-340606539.nessus,192.168.1.18,192.168.1.18,0,True,Other,general,tcp,2,190856,Node.js 18.x < 18.19.1 / 20.x < 20.11.1 / 21.x < 21.6.2 Multiple Vulnerabilities (Wednesday February 14 2024 Security Releases).,Misc.
nessusFile-1733491986564-340606539.nessus,192.168.1.18,192.168.1.18,0,True,Other,general,tcp,2,192945,"Node.js 18.x < 18.20.1 / 20.x < 20.12.1 / 21.x < 21.7.2 Multiple Vulnerabilities (Wednesday, April 3, 2024 Security Releases).",Misc.
nessusFile-1733491986564-340606539.nessus,192.168.1.18,192.168.1.18,0,False,Other,general,tcp,0,11936,OS Identification,General
nessusFile-1733491986564-340606539.nessus,192.168.1.18,192.168.1.18,0,True,Missing encryption protocols,general,tcp,1,17754,OpenSSL < 0.9.7f Insecure Temporary File Creation,Web Servers
nessusFile-1733491986564-340606539.nessus,192.168.1.18,192.168.1.18,0,True,Missing encryption protocols,general,tcp,1,17754,OpenSSL < 0.9.7f Insecure Temporary File Creation,Web Servers
nessusFile-1733491986564-340606539.nessus,192.168.1.18,192.168.1.18,0,True,Missing encryption protocols,general,tcp,4,17753,OpenSSL < 0.9.7c ASN.1 Decoding Vulnerabilities,Web Servers
nessusFile-1733491986564-340606539.nessus,192.168.1.18,192.168.1.18,0,True,Missing encryption protocols,general,tcp,4,17753,OpenSSL < 0.9.7c ASN.1 Decoding Vulnerabilities,Web Servers
nessusFile-1733491986564-340606539.nessus,192.168.1.18,192.168.1.18,0,True,Missing encryption protocols,general,tcp,2,17761,OpenSSL < 0.9.8i Denial of Service,Web Servers
nessusFile-1733491986564-340606539.nessus,192.168.1.18,192.168.1.18,0,True,Missing encryption protocols,general,tcp,2,17761,OpenSSL < 0.9.8i Denial of Service,Web Servers
nessusFile-1733491986564-340606539.nessus,192.168.1.18,192.168.1.18,0,True,Missing encryption protocols,general,tcp,2,17759,OpenSSL < 0.9.8 Weak Default Configuration,Web Servers
nessusFile-1733491986564-340606539.nessus,192.168.1.18,192.168.1.18,0,True,Missing encryption protocols,general,tcp,2,17759,OpenSSL < 0.9.8 Weak Default Configuration,Web Servers
nessusFile-1733491986564-340606539.nessus,192.168.1.18,192.168.1.18,0,True,Missing encryption protocols,general,tcp,3,17760,OpenSSL < 0.9.8f Multiple Vulnerabilities,Web Servers
nessusFile-1733491986564-340606539.nessus,192.168.1.18,192.168.1.18,0,True,Missing encryption protocols,general,tcp,3,17760,OpenSSL < 0.9.8f Multiple Vulnerabilities,Web Servers
nessusFile-1733491986564-340606539.nessus,192.168.1.18,192.168.1.18,0,True,Missing encryption protocols,general,tcp,2,17763,OpenSSL < 0.9.8k Multiple Vulnerabilities,Web Servers
nessusFile-1733491986564-340606539.nessus,192.168.1.18,192.168.1.18,0,True,Missing encryption protocols,general,tcp,2,17763,OpenSSL < 0.9.8k Multiple Vulnerabilities,Web Servers
nessusFile-1733491986564-340606539.nessus,192.168.1.18,192.168.1.18,0,False,Missing encryption protocols,general,tcp,4,182220,OpenSSL SEoL (<= 0.9.8.x),Misc.
nessusFile-1733491986564-340606539.nessus,192.168.1.18,192.168.1.18,0,False,Missing encryption protocols,general,tcp,4,182220,OpenSSL SEoL (<= 0.9.8.x),Misc.
nessusFile-1733491986564-340606539.nessus,192.168.1.18,192.168.1.18,0,True,Missing encryption protocols,general,tcp,3,57459,OpenSSL < 0.9.8s Multiple Vulnerabilities,Web Servers
nessusFile-1733491986564-340606539.nessus,192.168.1.18,192.168.1.18,0,True,Missing encryption protocols,general,tcp,3,57459,OpenSSL < 0.9.8s Multiple Vulnerabilities,Web Servers
nessusFile-1733491986564-340606539.nessus,192.168.1.18,192.168.1.18,0,True,Missing encryption protocols,general,tcp,2,17765,OpenSSL < 0.9.8l Multiple Vulnerabilities,Web Servers
nessusFile-1733491986564-340606539.nessus,192.168.1.18,192.168.1.18,0,True,Missing encryption protocols,general,tcp,2,17765,OpenSSL < 0.9.8l Multiple Vulnerabilities,Web Servers
nessusFile-1733491986564-340606539.nessus,192.168.1.18,192.168.1.18,0,True,Missing encryption protocols,general,tcp,2,17762,OpenSSL < 0.9.8j Signature Spoofing,Web Servers
nessusFile-1733491986564-340606539.nessus,192.168.1.18,192.168.1.18,0,True,Missing encryption protocols,general,tcp,2,17762,OpenSSL < 0.9.8j Signature Spoofing,Web Servers
nessusFile-1733491986564-340606539.nessus,192.168.1.18,192.168.1.18,0,True,Missing encryption protocols,general,tcp,2,58564,OpenSSL < 0.9.8u Multiple Vulnerabilities,Web Servers
nessusFile-1733491986564-340606539.nessus,192.168.1.18,192.168.1.18,0,True,Missing encryption protocols,general,tcp,2,58564,OpenSSL < 0.9.8u Multiple Vulnerabilities,Web Servers
nessusFile-1733491986564-340606539.nessus,192.168.1.18,192.168.1.18,0,True,Missing encryption protocols,general,tcp,1,64532,OpenSSL < 0.9.8y Multiple Vulnerabilities,Web Servers
nessusFile-1733491986564-340606539.nessus,192.168.1.18,192.168.1.18,0,True,Missing encryption protocols,general,tcp,1,64532,OpenSSL < 0.9.8y Multiple Vulnerabilities,Web Servers
nessusFile-1733491986564-340606539.nessus,192.168.1.18,192.168.1.18,0,True,Missing encryption protocols,general,tcp,3,58799,OpenSSL < 0.9.8w ASN.1 asn1_d2i_read_bio Memory Corruption,Web Servers
nessusFile-1733491986564-340606539.nessus,192.168.1.18,192.168.1.18,0,True,Missing encryption protocols,general,tcp,3,58799,OpenSSL < 0.9.8w ASN.1 asn1_d2i_read_bio Memory Corruption,Web Servers
nessusFile-1733491986564-340606539.nessus,192.168.1.18,192.168.1.18,0,True,Missing encryption protocols,general,tcp,2,56996,OpenSSL < 0.9.8h Multiple Vulnerabilities,Web Servers
nessusFile-1733491986564-340606539.nessus,192.168.1.18,192.168.1.18,0,True,Missing encryption protocols,general,tcp,2,56996,OpenSSL < 0.9.8h Multiple Vulnerabilities,Web Servers
nessusFile-1733491986564-340606539.nessus,192.168.1.18,192.168.1.18,0,True,Missing encryption protocols,general,tcp,2,59076,OpenSSL 0.9.8 < 0.9.8x DTLS CBC Denial of Service,Web Servers
nessusFile-1733491986564-340606539.nessus,192.168.1.18,192.168.1.18,0,True,Missing encryption protocols,general,tcp,2,59076,OpenSSL 0.9.8 < 0.9.8x DTLS CBC Denial of Service,Web Servers
nessusFile-1733491986564-340606539.nessus,192.168.1.18,192.168.1.18,0,True,Missing encryption protocols,general,tcp,2,57460,OpenSSL 1.x < 1.0.0f Multiple Vulnerabilities,Web Servers
nessusFile-1733491986564-340606539.nessus,192.168.1.18,192.168.1.18,0,True,Missing encryption protocols,general,tcp,2,59077,OpenSSL 1.0.0 < 1.0.0j DTLS CBC Denial of Service,Web Servers
nessusFile-1733491986564-340606539.nessus,192.168.1.18,192.168.1.18,0,True,Missing encryption protocols,general,tcp,3,58800,OpenSSL 1.0.0 < 1.0.0i ASN.1 asn1_d2i_read_bio Memory Corruption,Web Servers
nessusFile-1733491986564-340606539.nessus,192.168.1.18,192.168.1.18,0,True,Missing encryption protocols,general,tcp,3,73403,OpenSSL 1.0.0 < 1.0.0m Multiple Vulnerabilities,Web Servers
nessusFile-1733491986564-340606539.nessus,192.168.1.18,192.168.1.18,0,True,Missing encryption protocols,general,tcp,2,56162,OpenSSL 1.x < 1.0.0e Multiple Vulnerabilities,Web Servers
nessusFile-1733491986564-340606539.nessus,192.168.1.18,192.168.1.18,0,True,Missing encryption protocols,general,tcp,2,84152,OpenSSL 1.0.0 < 1.0.0s Multiple Vulnerabilities,Web Servers
nessusFile-1733491986564-340606539.nessus,192.168.1.18,192.168.1.18,0,True,Missing encryption protocols,general,tcp,1,64533,OpenSSL 1.0.0 < 1.0.0k Multiple Vulnerabilities,Web Servers
nessusFile-1733491986564-340606539.nessus,192.168.1.18,192.168.1.18,0,False,Missing encryption protocols,general,tcp,4,182305,OpenSSL SEoL (1.0.0.x),Misc.
nessusFile-1733491986564-340606539.nessus,192.168.1.18,192.168.1.18,0,True,Missing encryption protocols,general,tcp,2,77087,OpenSSL 1.0.0 < 1.0.0n Multiple Vulnerabilities,Web Servers
nessusFile-1733491986564-340606539.nessus,192.168.1.18,192.168.1.18,0,True,Missing encryption protocols,general,tcp,2,78553,OpenSSL 1.0.0 < 1.0.1o Multiple Vulnerabilities (POODLE),Web Servers
nessusFile-1733491986564-340606539.nessus,192.168.1.18,192.168.1.18,0,True,Missing encryption protocols,general,tcp,2,82031,OpenSSL 1.0.0 < 1.0.0r Multiple Vulnerabilities,Web Servers
nessusFile-1733491986564-340606539.nessus,192.168.1.18,192.168.1.18,0,True,Missing encryption protocols,general,tcp,2,58565,OpenSSL 1.0.0 < 1.0.0h Multiple Vulnerabilities,Web Servers
nessusFile-1733491986564-340606539.nessus,192.168.1.18,192.168.1.18,0,True,Missing encryption protocols,general,tcp,2,71856,OpenSSL 1.0.0 < 1.0.0l DTLS Security Bypass,Web Servers
nessusFile-1733491986564-340606539.nessus,192.168.1.18,192.168.1.18,0,True,Missing encryption protocols,general,tcp,2,80567,OpenSSL 1.0.0 < 1.0.0p Multiple Vulnerabilities (FREAK),Web Servers
nessusFile-1733491986564-340606539.nessus,192.168.1.18,192.168.1.18,0,False,Missing encryption protocols,general,tcp,4,182259,OpenSSL SEoL (1.0.2.x),Misc.
nessusFile-1733491986564-340606539.nessus,192.168.1.18,192.168.1.18,0,False,Missing encryption protocols,general,tcp,4,182259,OpenSSL SEoL (1.0.2.x),Misc.
nessusFile-1733491986564-340606539.nessus,192.168.1.18,192.168.1.18,0,True,Missing encryption protocols,general,tcp,2,87220,OpenSSL 1.0.0 < 1.0.0t Multiple DoS,Web Servers
nessusFile-1733491986564-340606539.nessus,192.168.1.18,192.168.1.18,0,True,Unpatched software exploits,general,tcp,2,158973,OpenSSL 1.0.2 < 1.0.2zd Vulnerability,Web Servers
nessusFile-1733491986564-340606539.nessus,192.168.1.18,192.168.1.18,0,True,Unpatched software exploits,general,tcp,2,158973,OpenSSL 1.0.2 < 1.0.2zd Vulnerability,Web Servers
nessusFile-1733491986564-340606539.nessus,192.168.1.18,192.168.1.18,0,True,Missing encryption protocols,general,tcp,3,171080,OpenSSL 1.0.2 < 1.0.2zg Multiple Vulnerabilities,Web Servers
nessusFile-1733491986564-340606539.nessus,192.168.1.18,192.168.1.18,0,True,Missing encryption protocols,general,tcp,3,171080,OpenSSL 1.0.2 < 1.0.2zg Multiple Vulnerabilities,Web Servers
nessusFile-1733491986564-340606539.nessus,192.168.1.18,192.168.1.18,0,True,Unpatched software exploits,general,tcp,4,160480,OpenSSL 1.0.2 < 1.0.2ze Vulnerability,Web Servers
nessusFile-1733491986564-340606539.nessus,192.168.1.18,192.168.1.18,0,True,Unpatched software exploits,general,tcp,4,160480,OpenSSL 1.0.2 < 1.0.2ze Vulnerability,Web Servers
nessusFile-1733491986564-340606539.nessus,192.168.1.18,192.168.1.18,0,False,Unpatched software exploits,general,tcp,2,178476,OpenSSL 1.0.2 < 1.0.2zi Vulnerability,Web Servers
nessusFile-1733491986564-340606539.nessus,192.168.1.18,192.168.1.18,0,True,Missing encryption protocols,general,tcp,2,173268,OpenSSL 1.0.2 < 1.0.2zh Multiple Vulnerabilities,Web Servers
nessusFile-1733491986564-340606539.nessus,192.168.1.18,192.168.1.18,0,False,Unpatched software exploits,general,tcp,2,178476,OpenSSL 1.0.2 < 1.0.2zi Vulnerability,Web Servers
nessusFile-1733491986564-340606539.nessus,192.168.1.18,192.168.1.18,0,True,Missing encryption protocols,general,tcp,2,173268,OpenSSL 1.0.2 < 1.0.2zh Multiple Vulnerabilities,Web Servers
nessusFile-1733491986564-340606539.nessus,192.168.1.18,192.168.1.18,0,True,Unpatched software exploits,general,tcp,4,162419,OpenSSL 1.0.2 < 1.0.2zf Vulnerability,Web Servers
nessusFile-1733491986564-340606539.nessus,192.168.1.18,192.168.1.18,0,True,Unpatched software exploits,general,tcp,4,162419,OpenSSL 1.0.2 < 1.0.2zf Vulnerability,Web Servers
nessusFile-1733491986564-340606539.nessus,192.168.1.18,192.168.1.18,0,True,Unpatched software exploits,general,tcp,2,184812,OpenSSL 1.0.2 < 1.0.2zj Vulnerability,Web Servers
nessusFile-1733491986564-340606539.nessus,192.168.1.18,192.168.1.18,0,True,Unpatched software exploits,general,tcp,2,184812,OpenSSL 1.0.2 < 1.0.2zj Vulnerability,Web Servers
nessusFile-1733491986564-340606539.nessus,192.168.1.18,192.168.1.18,0,False,Missing encryption protocols,general,tcp,4,182308,OpenSSL SEoL (1.1.1.x),Misc.
nessusFile-1733491986564-340606539.nessus,192.168.1.18,192.168.1.18,0,False,Missing encryption protocols,general,tcp,4,182308,OpenSSL SEoL (1.1.1.x),Misc.
nessusFile-1733491986564-340606539.nessus,192.168.1.18,192.168.1.18,0,False,Missing encryption protocols,general,tcp,4,182308,OpenSSL SEoL (1.1.1.x),Misc.
nessusFile-1733491986564-340606539.nessus,192.168.1.18,192.168.1.18,0,False,Missing encryption protocols,general,tcp,4,182308,OpenSSL SEoL (1.1.1.x),Misc.
nessusFile-1733491986564-340606539.nessus,192.168.1.18,192.168.1.18,0,True,Unpatched software exploits,general,tcp,2,157228,OpenSSL 1.1.1 < 1.1.1m Vulnerability,Web Servers
nessusFile-1733491986564-340606539.nessus,192.168.1.18,192.168.1.18,0,True,Unpatched software exploits,general,tcp,2,157228,OpenSSL 1.1.1 < 1.1.1m Vulnerability,Web Servers
nessusFile-1733491986564-340606539.nessus,192.168.1.18,192.168.1.18,0,True,Unpatched software exploits,general,tcp,2,157228,OpenSSL 1.1.1 < 1.1.1m Vulnerability,Web Servers
nessusFile-1733491986564-340606539.nessus,192.168.1.18,192.168.1.18,0,True,Unpatched software exploits,general,tcp,2,157228,OpenSSL 1.1.1 < 1.1.1m Vulnerability,Web Servers
nessusFile-1733491986564-340606539.nessus,192.168.1.18,192.168.1.18,0,True,Unpatched software exploits,general,tcp,2,158974,OpenSSL 1.1.1 < 1.1.1n Vulnerability,Web Servers
nessusFile-1733491986564-340606539.nessus,192.168.1.18,192.168.1.18,0,True,Unpatched software exploits,general,tcp,2,158974,OpenSSL 1.1.1 < 1.1.1n Vulnerability,Web Servers
nessusFile-1733491986564-340606539.nessus,192.168.1.18,192.168.1.18,0,True,Unpatched software exploits,general,tcp,2,158974,OpenSSL 1.1.1 < 1.1.1n Vulnerability,Web Servers
nessusFile-1733491986564-340606539.nessus,192.168.1.18,192.168.1.18,0,True,Unpatched software exploits,general,tcp,2,158974,OpenSSL 1.1.1 < 1.1.1n Vulnerability,Web Servers
nessusFile-1733491986564-340606539.nessus,192.168.1.18,192.168.1.18,0,True,Unpatched software exploits,general,tcp,3,152782,OpenSSL 1.1.1 < 1.1.1l Vulnerability,Web Servers
nessusFile-1733491986564-340606539.nessus,192.168.1.18,192.168.1.18,0,True,Unpatched software exploits,general,tcp,3,152782,OpenSSL 1.1.1 < 1.1.1l Vulnerability,Web Servers
nessusFile-1733491986564-340606539.nessus,192.168.1.18,192.168.1.18,0,True,Unpatched software exploits,general,tcp,3,152782,OpenSSL 1.1.1 < 1.1.1l Vulnerability,Web Servers
nessusFile-1733491986564-340606539.nessus,192.168.1.18,192.168.1.18,0,True,Unpatched software exploits,general,tcp,3,152782,OpenSSL 1.1.1 < 1.1.1l Vulnerability,Web Servers
nessusFile-1733491986564-340606539.nessus,192.168.1.18,192.168.1.18,0,True,Unpatched software exploits,general,tcp,4,162420,OpenSSL 1.1.1 < 1.1.1p Vulnerability,Web Servers
nessusFile-1733491986564-340606539.nessus,192.168.1.18,192.168.1.18,0,True,Unpatched software exploits,general,tcp,4,162420,OpenSSL 1.1.1 < 1.1.1p Vulnerability,Web Servers
nessusFile-1733491986564-340606539.nessus,192.168.1.18,192.168.1.18,0,True,Unpatched software exploits,general,tcp,4,162420,OpenSSL 1.1.1 < 1.1.1p Vulnerability,Web Servers
nessusFile-1733491986564-340606539.nessus,192.168.1.18,192.168.1.18,0,True,Unpatched software exploits,general,tcp,4,162420,OpenSSL 1.1.1 < 1.1.1p Vulnerability,Web Servers
nessusFile-1733491986564-340606539.nessus,192.168.1.18,192.168.1.18,0,True,Unpatched software exploits,general,tcp,2,184811,OpenSSL 1.1.1 < 1.1.1x Vulnerability,Web Servers
nessusFile-1733491986564-340606539.nessus,192.168.1.18,192.168.1.18,0,True,Unpatched software exploits,general,tcp,2,184811,OpenSSL 1.1.1 < 1.1.1x Vulnerability,Web Servers
nessusFile-1733491986564-340606539.nessus,192.168.1.18,192.168.1.18,0,True,Unpatched software exploits,general,tcp,2,184811,OpenSSL 1.1.1 < 1.1.1x Vulnerability,Web Servers
nessusFile-1733491986564-340606539.nessus,192.168.1.18,192.168.1.18,0,True,Unpatched software exploits,general,tcp,2,184811,OpenSSL 1.1.1 < 1.1.1x Vulnerability,Web Servers
nessusFile-1733491986564-340606539.nessus,192.168.1.18,192.168.1.18,0,True,Missing encryption protocols,general,tcp,2,173260,OpenSSL 1.1.1 < 1.1.1u Multiple Vulnerabilities,Web Servers
nessusFile-1733491986564-340606539.nessus,192.168.1.18,192.168.1.18,0,True,Missing encryption protocols,general,tcp,2,173260,OpenSSL 1.1.1 < 1.1.1u Multiple Vulnerabilities,Web Servers
nessusFile-1733491986564-340606539.nessus,192.168.1.18,192.168.1.18,0,True,Missing encryption protocols,general,tcp,2,173260,OpenSSL 1.1.1 < 1.1.1u Multiple Vulnerabilities,Web Servers
nessusFile-1733491986564-340606539.nessus,192.168.1.18,192.168.1.18,0,True,Missing encryption protocols,general,tcp,2,173260,OpenSSL 1.1.1 < 1.1.1u Multiple Vulnerabilities,Web Servers
nessusFile-1733491986564-340606539.nessus,192.168.1.18,192.168.1.18,0,True,Missing encryption protocols,general,tcp,3,171079,OpenSSL 1.1.1 < 1.1.1t Multiple Vulnerabilities,Web Servers
nessusFile-1733491986564-340606539.nessus,192.168.1.18,192.168.1.18,0,True,Missing encryption protocols,general,tcp,3,171079,OpenSSL 1.1.1 < 1.1.1t Multiple Vulnerabilities,Web Servers
nessusFile-1733491986564-340606539.nessus,192.168.1.18,192.168.1.18,0,True,Missing encryption protocols,general,tcp,3,171079,OpenSSL 1.1.1 < 1.1.1t Multiple Vulnerabilities,Web Servers
nessusFile-1733491986564-340606539.nessus,192.168.1.18,192.168.1.18,0,True,Missing encryption protocols,general,tcp,3,171079,OpenSSL 1.1.1 < 1.1.1t Multiple Vulnerabilities,Web Servers
nessusFile-1733491986564-340606539.nessus,192.168.1.18,192.168.1.18,0,True,Unpatched software exploits,general,tcp,4,160477,OpenSSL 1.1.1 < 1.1.1o Vulnerability,Web Servers
nessusFile-1733491986564-340606539.nessus,192.168.1.18,192.168.1.18,0,True,Unpatched software exploits,general,tcp,4,160477,OpenSSL 1.1.1 < 1.1.1o Vulnerability,Web Servers
nessusFile-1733491986564-340606539.nessus,192.168.1.18,192.168.1.18,0,True,Unpatched software exploits,general,tcp,4,160477,OpenSSL 1.1.1 < 1.1.1o Vulnerability,Web Servers
nessusFile-1733491986564-340606539.nessus,192.168.1.18,192.168.1.18,0,True,Unpatched software exploits,general,tcp,4,160477,OpenSSL 1.1.1 < 1.1.1o Vulnerability,Web Servers
nessusFile-1733491986564-340606539.nessus,192.168.1.18,192.168.1.18,0,True,Unpatched software exploits,general,tcp,2,162721,OpenSSL 1.1.1 < 1.1.1q Vulnerability,Web Servers
nessusFile-1733491986564-340606539.nessus,192.168.1.18,192.168.1.18,0,True,Unpatched software exploits,general,tcp,2,162721,OpenSSL 1.1.1 < 1.1.1q Vulnerability,Web Servers
nessusFile-1733491986564-340606539.nessus,192.168.1.18,192.168.1.18,0,True,Unpatched software exploits,general,tcp,2,162721,OpenSSL 1.1.1 < 1.1.1q Vulnerability,Web Servers
nessusFile-1733491986564-340606539.nessus,192.168.1.18,192.168.1.18,0,True,Unpatched software exploits,general,tcp,2,162721,OpenSSL 1.1.1 < 1.1.1q Vulnerability,Web Servers
nessusFile-1733491986564-340606539.nessus,192.168.1.18,192.168.1.18,0,True,Unpatched software exploits,general,tcp,2,192965,OpenSSL 1.1.1 < 1.1.1y Vulnerability,Web Servers
nessusFile-1733491986564-340606539.nessus,192.168.1.18,192.168.1.18,0,True,Unpatched software exploits,general,tcp,2,192965,OpenSSL 1.1.1 < 1.1.1y Vulnerability,Web Servers
nessusFile-1733491986564-340606539.nessus,192.168.1.18,192.168.1.18,0,True,Unpatched software exploits,general,tcp,2,192965,OpenSSL 1.1.1 < 1.1.1y Vulnerability,Web Servers
nessusFile-1733491986564-340606539.nessus,192.168.1.18,192.168.1.18,0,True,Unpatched software exploits,general,tcp,2,192965,OpenSSL 1.1.1 < 1.1.1y Vulnerability,Web Servers
nessusFile-1733491986564-340606539.nessus,192.168.1.18,192.168.1.18,0,False,Unpatched software exploits,general,tcp,2,178475,OpenSSL 1.1.1 < 1.1.1v Vulnerability,Web Servers
nessusFile-1733491986564-340606539.nessus,192.168.1.18,192.168.1.18,0,False,Unpatched software exploits,general,tcp,2,178475,OpenSSL 1.1.1 < 1.1.1v Vulnerability,Web Servers
nessusFile-1733491986564-340606539.nessus,192.168.1.18,192.168.1.18,0,False,Unpatched software exploits,general,tcp,2,178475,OpenSSL 1.1.1 < 1.1.1v Vulnerability,Web Servers
nessusFile-1733491986564-340606539.nessus,192.168.1.18,192.168.1.18,0,False,Unpatched software exploits,general,tcp,2,178475,OpenSSL 1.1.1 < 1.1.1v Vulnerability,Web Servers
nessusFile-1733491986564-340606539.nessus,192.168.1.18,192.168.1.18,0,False,Other,general,tcp,0,56468,Time of Last System Startup,General
nessusFile-1733491986564-340606539.nessus,192.168.1.18,192.168.1.18,0,False,Other,general,tcp,0,168980,Enumerate the PATH Variables,General
nessusFile-1733491986564-340606539.nessus,192.168.1.18,192.168.1.18,0,False,Other,general,tcp,0,171410,IP Assignment Method Detection,General
nessusFile-1733491986564-340606539.nessus,192.168.1.18,192.168.1.18,0,False,Other,general,tcp,0,193143,Linux Time Zone Information,General
nessusFile-1733491986564-340606539.nessus,192.168.1.18,192.168.1.18,0,False,Other,general,tcp,0,142640,Apache HTTP Server Site Enumeration,Web Servers
nessusFile-1733491986564-340606539.nessus,192.168.1.18,192.168.1.18,0,False,Other,general,tcp,0,141394,Apache HTTP Server Installed (Linux),Web Servers
nessusFile-1733491986564-340606539.nessus,192.168.1.18,192.168.1.18,0,True,Other,general,tcp,2,197899,Aqua Security Trivy < 0.51.2 Credential Leak (GHSA-xcq4-m2r3-cmrj),Misc.
nessusFile-1733491986564-340606539.nessus,192.168.1.18,192.168.1.18,0,False,Other,general,tcp,0,197858,Aqua Security Trivy Installed (Linux / Unix),Misc.
nessusFile-1733491986564-340606539.nessus,192.168.1.18,192.168.1.18,0,False,Other,general,tcp,0,154422,Cisco AnyConnect Secure Mobility Client Installed (Linux),Misc.
nessusFile-1733491986564-340606539.nessus,192.168.1.18,192.168.1.18,0,False,Other,general,tcp,0,139918,ClamAV Installed (Linux),Misc.
nessusFile-1733491986564-340606539.nessus,192.168.1.18,192.168.1.18,0,False,Other,general,tcp,0,182774,Curl Installed (Linux / Unix),Misc.
nessusFile-1733491986564-340606539.nessus,192.168.1.18,192.168.1.18,0,False,Other,general,tcp,0,189990,Jmcnamara Spreadsheet-ParseExcel Installed (Unix),Misc.
nessusFile-1733491986564-340606539.nessus,192.168.1.18,192.168.1.18,0,False,Other,general,tcp,0,159273,Dockerfile Detection for Linux/UNIX,Misc.
nessusFile-1733491986564-340606539.nessus,192.168.1.18,192.168.1.18,0,False,Other,general,tcp,0,193599,FFmpeg Installed (Linux / Unix),Misc.
nessusFile-1733491986564-340606539.nessus,192.168.1.18,192.168.1.18,0,True,Other,general,tcp,4,182874,libcurl 7.69 < 8.4.0 Heap Buffer Overflow,Misc.
nessusFile-1733491986564-340606539.nessus,192.168.1.18,192.168.1.18,0,True,Other,general,tcp,4,182874,libcurl 7.69 < 8.4.0 Heap Buffer Overflow,Misc.
nessusFile-1733491986564-340606539.nessus,192.168.1.18,192.168.1.18,0,True,Other,general,tcp,1,182873,libcurl 7.9.1 < 8.4.0 Cookie Injection,Misc.
nessusFile-1733491986564-340606539.nessus,192.168.1.18,192.168.1.18,0,True,Other,general,tcp,1,182873,libcurl 7.9.1 < 8.4.0 Cookie Injection,Misc.
nessusFile-1733491986564-340606539.nessus,192.168.1.18,192.168.1.18,0,False,Other,general,tcp,0,182848,libcurl Installed (Linux / Unix),Misc.
nessusFile-1733491986564-340606539.nessus,192.168.1.18,192.168.1.18,0,False,Other,general,tcp,0,117706,MagniComp SysInfo Installed (Linux/UNIX),Misc.
nessusFile-1733491986564-340606539.nessus,192.168.1.18,192.168.1.18,0,False,Other,general,tcp,0,151883,Libgcrypt Installed (Linux/UNIX),Misc.
nessusFile-1733491986564-340606539.nessus,192.168.1.18,192.168.1.18,0,False,Missing encryption protocols,general,tcp,0,168007,OpenSSL Installed (Linux),Misc.
nessusFile-1733491986564-340606539.nessus,192.168.1.18,192.168.1.18,0,False,Other,general,tcp,0,136340,nginx Installed (Linux/UNIX),Web Servers
nessusFile-1733491986564-340606539.nessus,192.168.1.18,192.168.1.18,0,False,Other,general,tcp,0,178772,Node.js Modules Installed (Linux),Misc.
nessusFile-1733491986564-340606539.nessus,192.168.1.18,192.168.1.18,0,False,Other,general,tcp,0,178771,Node.js Installed (Linux / UNIX),Misc.
nessusFile-1733491986564-340606539.nessus,192.168.1.18,192.168.1.18,0,False,Other,general,tcp,0,189731,Vim Installed (Linux),Misc.
nessusFile-1733491986564-340606539.nessus,192.168.1.18,192.168.1.18,0,False,Other,general,tcp,0,174788,SQLite Local Detection (Linux),Web Servers
nessusFile-1733491986564-340606539.nessus,192.168.1.18,192.168.1.18,0,False,Other,general,tcp,0,192709,Tukaani XZ Utils Installed (Linux / Unix),Misc.
nessusFile-1733491986564-340606539.nessus,192.168.1.18,192.168.1.18,0,False,Other,general,tcp,0,106203,DHCP server Detection (Linux),Misc.
nessusFile-1733491986564-340606539.nessus,192.168.1.18,192.168.1.18,0,False,Other,general,tcp,0,25203,Enumerate IPv4 Interfaces via SSH,General
nessusFile-1733491986564-340606539.nessus,192.168.1.18,192.168.1.18,0,False,Other,general,tcp,0,45405,Reachable IPv6 address,General
nessusFile-1733491986564-340606539.nessus,192.168.1.18,192.168.1.18,0,False,Other,general,tcp,0,25202,Enumerate IPv6 Interfaces via SSH,General
nessusFile-1733491986564-340606539.nessus,192.168.1.18,192.168.1.18,0,False,Unauthenticated port bypass,general,tcp,0,170170,Enumerate the Network Interface configuration via SSH,General
nessusFile-1733491986564-340606539.nessus,192.168.1.18,192.168.1.18,0,False,Other,general,tcp,0,35716,Ethernet Card Manufacturer Detection,Misc.
nessusFile-1733491986564-340606539.nessus,192.168.1.18,192.168.1.18,0,False,Other,general,tcp,0,86420,Ethernet MAC Addresses,General
nessusFile-1733491986564-340606539.nessus,192.168.1.18,192.168.1.18,0,False,Other,general,tcp,0,33276,Enumerate MAC Addresses via SSH,General
nessusFile-1733491986564-340606539.nessus,192.168.1.18,192.168.1.18,0,False,Other,general,tcp,0,157358,Linux Mounted Devices,General
nessusFile-1733491986564-340606539.nessus,192.168.1.18,192.168.1.18,0,True,Other,general,tcp,1,197741,PostgreSQL 14.x < 14.12 / 15.x < 15.7 / 16.x < 16.3 Missing Authorization Check,Databases
nessusFile-1733491986564-340606539.nessus,192.168.1.18,192.168.1.18,0,False,Other,general,tcp,0,130024,PostgreSQL Client/Server Installed (Linux),Databases
nessusFile-1733491986564-340606539.nessus,192.168.1.18,192.168.1.18,0,False,Other,general,tcp,0,130024,PostgreSQL Client/Server Installed (Linux),Databases
nessusFile-1733491986564-340606539.nessus,192.168.1.18,192.168.1.18,0,False,Other,general,tcp,0,110483,Unix / Linux Running Processes Information,General
nessusFile-1733491986564-340606539.nessus,192.168.1.18,192.168.1.18,0,False,Other,general,tcp,0,95928,Linux User List Enumeration,General
nessusFile-1733491986564-340606539.nessus,192.168.1.18,192.168.1.18,0,False,Other,general,tcp,0,133964,SELinux Status Check,General
nessusFile-1733491986564-340606539.nessus,192.168.1.18,192.168.1.18,0,False,Other,general,tcp,0,22869,Software Enumeration (SSH),General
nessusFile-1733491986564-340606539.nessus,192.168.1.18,192.168.1.18,0,False,Other,general,tcp,0,163326,Tenable Nessus Installed (Linux),Misc.
nessusFile-1733491986564-340606539.nessus,192.168.1.18,192.168.1.18,0,False,Other,general,tcp,0,71051,VMware Player for Linux Installed,General
nessusFile-1733491986564-340606539.nessus,192.168.1.18,192.168.1.18,0,False,Other,general,tcp,0,71053,VMware Workstation for Linux Installed,General
nessusFile-1733491986564-340606539.nessus,192.168.1.18,192.168.1.18,0,False,Other,general,tcp,0,55472,Device Hostname,General
nessusFile-1733491986564-340606539.nessus,192.168.1.18,192.168.1.18,0,False,Other,general,tcp,0,97993,OS Identification and Installed Software Enumeration over SSH v2 (Using New SSH Library),Misc.
nessusFile-1733491986564-340606539.nessus,192.168.1.18,192.168.1.18,0,False,Other,general,tcp,0,64582,Netstat Connection Information,General
nessusFile-1733491986564-340606539.nessus,192.168.1.17,192.168.1.17,0,False,Other,general,tcp,0,45590,Common Platform Enumeration (CPE),General
nessusFile-1733491986564-340606539.nessus,192.168.1.17,192.168.1.17,0,False,Other,general,tcp,0,19506,Nessus Scan Information,Settings
nessusFile-1733491986564-340606539.nessus,192.168.1.17,192.168.1.17,0,False,Other,general,tcp,0,54615,Device Type,General
nessusFile-1733491986564-340606539.nessus,192.168.1.17,192.168.1.17,0,False,Other,general,tcp,0,11936,OS Identification,General
nessusFile-1733491986564-340606539.nessus,192.168.1.17,192.168.1.17,0,False,Other,general,tcp,0,35716,Ethernet Card Manufacturer Detection,Misc.
nessusFile-1733491986564-340606539.nessus,192.168.1.17,192.168.1.17,0,False,Other,general,tcp,0,86420,Ethernet MAC Addresses,General
nessusFile-1733491986564-340606539.nessus,192.168.1.17,192.168.1.17,0,False,Other,general,udp,0,10287,Traceroute Information,General
nessusFile-1733491986564-340606539.nessus,192.168.1.17,192.168.1.17,0,False,Other,general,tcp,0,25220,TCP/IP Timestamps Supported,General
nessusFile-1733491986564-340606539.nessus,192.168.1.13,192.168.1.13,0,False,Other,general,tcp,0,19506,Nessus Scan Information,Settings
nessusFile-1733491986564-340606539.nessus,192.168.1.13,192.168.1.13,0,False,Other,general,udp,0,10287,Traceroute Information,General
nessusFile-1733491986564-340606539.nessus,192.168.1.13,192.168.1.13,0,False,Other,general,tcp,0,54615,Device Type,General
nessusFile-1733491986564-340606539.nessus,192.168.1.13,192.168.1.13,0,False,Other,general,tcp,0,11936,OS Identification,General
nessusFile-1733491986564-340606539.nessus,192.168.1.13,192.168.1.13,0,False,Other,general,tcp,0,102821,OS Identification : OUI,General
nessusFile-1733491986564-340606539.nessus,192.168.1.13,192.168.1.13,0,False,Other,general,tcp,0,35716,Ethernet Card Manufacturer Detection,Misc.
nessusFile-1733491986564-340606539.nessus,192.168.1.13,192.168.1.13,0,False,Other,general,tcp,0,86420,Ethernet MAC Addresses,General
nessusFile-1733491986564-340606539.nessus,192.168.1.12,192.168.1.12,0,False,Other,general,tcp,0,19506,Nessus Scan Information,Settings
nessusFile-1733491986564-340606539.nessus,192.168.1.12,192.168.1.12,0,False,Other,general,tcp,0,45590,Common Platform Enumeration (CPE),General
nessusFile-1733491986564-340606539.nessus,192.168.1.12,192.168.1.12,0,False,Other,general,tcp,0,54615,Device Type,General
nessusFile-1733491986564-340606539.nessus,192.168.1.12,192.168.1.12,0,False,Other,general,tcp,0,11936,OS Identification,General
nessusFile-1733491986564-340606539.nessus,192.168.1.12,192.168.1.12,0,False,Other,general,tcp,0,35716,Ethernet Card Manufacturer Detection,Misc.
nessusFile-1733491986564-340606539.nessus,192.168.1.12,192.168.1.12,0,False,Other,general,tcp,0,86420,Ethernet MAC Addresses,General
nessusFile-1733491986564-340606539.nessus,192.168.1.12,192.168.1.12,0,False,Other,general,udp,0,10287,Traceroute Information,General
nessusFile-1733491986564-340606539.nessus,192.168.1.12,192.168.1.12,0,False,Other,general,tcp,0,25220,TCP/IP Timestamps Supported,General
nessusFile-1733491986564-340606539.nessus,192.168.1.12,192.168.1.12,0,False,Other,general,icmp,1,10114,ICMP Timestamp Request Remote Date Disclosure,General
nessusFile-1733491986564-340606539.nessus,192.168.1.11,192.168.1.11,0,False,Other,general,tcp,0,19506,Nessus Scan Information,Settings
nessusFile-1733491986564-340606539.nessus,192.168.1.11,192.168.1.11,0,False,Other,general,tcp,0,54615,Device Type,General
nessusFile-1733491986564-340606539.nessus,192.168.1.11,192.168.1.11,0,False,Other,general,tcp,0,11936,OS Identification,General
nessusFile-1733491986564-340606539.nessus,192.168.1.11,192.168.1.11,0,False,Other,general,tcp,0,86420,Ethernet MAC Addresses,General
nessusFile-1733491986564-340606539.nessus,192.168.1.11,192.168.1.11,0,False,Other,general,udp,0,10287,Traceroute Information,General
nessusFile-1733491986564-340606539.nessus,192.168.1.11,192.168.1.11,0,False,Other,general,tcp,0,25220,TCP/IP Timestamps Supported,General
nessusFile-1733491986564-340606539.nessus,192.168.1.8,192.168.1.8,0,False,Other,general,tcp,0,19506,Nessus Scan Information,Settings
nessusFile-1733491986564-340606539.nessus,192.168.1.8,192.168.1.8,0,False,Other,general,tcp,0,45590,Common Platform Enumeration (CPE),General
nessusFile-1733491986564-340606539.nessus,192.168.1.8,192.168.1.8,0,False,Other,general,tcp,0,54615,Device Type,General
nessusFile-1733491986564-340606539.nessus,192.168.1.8,192.168.1.8,0,False,Other,general,tcp,0,11936,OS Identification,General
nessusFile-1733491986564-340606539.nessus,192.168.1.8,192.168.1.8,0,False,Other,general,tcp,0,35716,Ethernet Card Manufacturer Detection,Misc.
nessusFile-1733491986564-340606539.nessus,192.168.1.8,192.168.1.8,0,False,Other,general,tcp,0,86420,Ethernet MAC Addresses,General
nessusFile-1733491986564-340606539.nessus,192.168.1.8,192.168.1.8,0,False,Other,general,udp,0,10287,Traceroute Information,General
nessusFile-1733491986564-340606539.nessus,192.168.1.8,192.168.1.8,0,False,Other,general,tcp,0,25220,TCP/IP Timestamps Supported,General
nessusFile-1733491986564-340606539.nessus,192.168.1.4,192.168.1.4,0,False,Other,general,tcp,0,45590,Common Platform Enumeration (CPE),General
nessusFile-1733491986564-340606539.nessus,192.168.1.4,192.168.1.4,0,False,Other,general,tcp,0,19506,Nessus Scan Information,Settings
nessusFile-1733491986564-340606539.nessus,192.168.1.4,192.168.1.4,0,False,Other,general,tcp,0,54615,Device Type,General
nessusFile-1733491986564-340606539.nessus,192.168.1.4,192.168.1.4,0,False,Other,general,tcp,0,11936,OS Identification,General
nessusFile-1733491986564-340606539.nessus,192.168.1.4,192.168.1.4,0,False,Other,general,tcp,0,35716,Ethernet Card Manufacturer Detection,Misc.
nessusFile-1733491986564-340606539.nessus,192.168.1.4,192.168.1.4,0,False,Other,general,tcp,0,86420,Ethernet MAC Addresses,General
nessusFile-1733491986564-340606539.nessus,192.168.1.4,192.168.1.4,0,False,Other,general,udp,0,10287,Traceroute Information,General
nessusFile-1733491986564-340606539.nessus,192.168.1.4,192.168.1.4,0,False,Other,general,tcp,0,25220,TCP/IP Timestamps Supported,General
nessusFile-1733491986564-340606539.nessus,192.168.1.3,192.168.1.3,0,False,Other,general,tcp,0,45590,Common Platform Enumeration (CPE),General
nessusFile-1733491986564-340606539.nessus,192.168.1.3,192.168.1.3,0,False,Other,general,tcp,0,19506,Nessus Scan Information,Settings
nessusFile-1733491986564-340606539.nessus,192.168.1.3,192.168.1.3,0,False,Other,general,tcp,0,54615,Device Type,General
nessusFile-1733491986564-340606539.nessus,192.168.1.3,192.168.1.3,0,False,Other,general,tcp,0,11936,OS Identification,General
nessusFile-1733491986564-340606539.nessus,192.168.1.3,192.168.1.3,0,False,Other,general,tcp,0,35716,Ethernet Card Manufacturer Detection,Misc.
nessusFile-1733491986564-340606539.nessus,192.168.1.3,192.168.1.3,0,False,Other,general,tcp,0,86420,Ethernet MAC Addresses,General
nessusFile-1733491986564-340606539.nessus,192.168.1.3,192.168.1.3,0,False,Other,general,udp,0,10287,Traceroute Information,General
nessusFile-1733491986564-340606539.nessus,192.168.1.3,192.168.1.3,0,False,Other,general,tcp,0,25220,TCP/IP Timestamps Supported,General
nessusFile-1733491986564-340606539.nessus,192.168.1.2,192.168.1.2,0,False,Other,general,tcp,0,19506,Nessus Scan Information,Settings
nessusFile-1733491986564-340606539.nessus,192.168.1.2,192.168.1.2,0,False,Other,general,udp,0,10287,Traceroute Information,General
nessusFile-1733491986564-340606539.nessus,192.168.1.2,192.168.1.2,0,False,Other,general,tcp,0,35716,Ethernet Card Manufacturer Detection,Misc.
nessusFile-1733491986564-340606539.nessus,192.168.1.2,192.168.1.2,0,False,Other,general,tcp,0,86420,Ethernet MAC Addresses,General
nessusFile-1733491986564-340606539.nessus,192.168.1.2,192.168.1.2,0,False,Other,general,icmp,1,10114,ICMP Timestamp Request Remote Date Disclosure,General
nessusFile-1733491986564-340606539.nessus,192.168.1.1,192.168.1.1,0,False,Other,general,tcp,0,19506,Nessus Scan Information,Settings
nessusFile-1733491986564-340606539.nessus,192.168.1.1,192.168.1.1,0,False,Other,general,tcp,0,66334,Patch Report,General
nessusFile-1733491986564-340606539.nessus,192.168.1.1,192.168.1.1,0,False,Other,general,tcp,0,45590,Common Platform Enumeration (CPE),General
nessusFile-1733491986564-340606539.nessus,192.168.1.1,192.168.1.1,0,False,Other,general,tcp,0,54615,Device Type,General
nessusFile-1733491986564-340606539.nessus,192.168.1.1,192.168.1.1,0,False,Other,general,tcp,0,11936,OS Identification,General
nessusFile-1733491986564-340606539.nessus,192.168.1.1,192.168.1.1,0,False,Other,general,tcp,0,35716,Ethernet Card Manufacturer Detection,Misc.
nessusFile-1733491986564-340606539.nessus,192.168.1.1,192.168.1.1,0,False,Other,general,tcp,0,86420,Ethernet MAC Addresses,General
nessusFile-1733491986564-340606539.nessus,192.168.1.1,192.168.1.1,0,False,Other,general,udp,0,10287,Traceroute Information,General
nessusFile-1733491986564-340606539.nessus,192.168.1.1,192.168.1.1,0,False,Other,general,tcp,0,25220,TCP/IP Timestamps Supported,General
nessusFile-1733491986564-340606539.nessus,192.168.1.1,192.168.1.1,0,False,Other,general,tcp,2,50686,IP Forwarding Enabled,Firewalls
nessusFile-1733491986564-340606539.nessus,192.168.1.1,192.168.1.1,0,False,Other,general,icmp,1,10114,ICMP Timestamp Request Remote Date Disclosure,General
